tumor_id,tumor_name,block_name,specimen_name,rna_well,rna_integrity_number,structure_id,structure_acronym,structure_name,rnaseq_total_reads,rnaseq_percent_reads_aligned_to_mrna,rnaseq_percent_reads_aligned_to_ncrna,rnaseq_percent_reads_aligned_to_genome_only,file_contents,file_download_link
710659,W28-1-1,W28-1-1-A,W28-1-1-A.03,304477575,7.8,309780612,CT-ID1,"Cellular Tumor sampled by high expression of gene ID1",21435119,47.1,2.34,4.58,Gene-level fpkm profile,http://glioblastoma.alleninstitute.org/api/v2/well_known_file_download/308873424
711653,W36-1-1,W36-1-1-E,W36-1-1-E.03,303748344,8.2,309780838,CTpnz-TNFAIP3,"Perinecrotic zone sampled by high expression of gene TNFAIP3",29170113,51.8,2.92,6.04,Gene-level fpkm profile,http://glioblastoma.alleninstitute.org/api/v2/well_known_file_download/308976099
292163427,W55-1-1,W55-1-1-D,W55-1-1-D.03,303748311,8.2,298764274,LE-reference-histology,"Leading Edge sampled by reference histology",24398086,45.5,2.28,9.65,Gene-level fpkm profile,http://glioblastoma.alleninstitute.org/api/v2/well_known_file_download/308871259
711560,W32-1-1,W32-1-1-A,W32-1-1-A.01,304950288,6.9,309780846,CTpan-reference-histology,"Pseudopalisading cells around necrosis sampled by reference histology",30893945,39.6,2.43,11.3,Gene-level fpkm profile,http://glioblastoma.alleninstitute.org/api/v2/well_known_file_download/308871171
705803,W9-1-1,W9-1-1-K.2,W9-1-1-K.2.01,301287740,5.1,309780846,CTpan-reference-histology,"Pseudopalisading cells around necrosis sampled by reference histology",27814292,32.7,3.6,16.9,Gene-level fpkm profile,http://glioblastoma.alleninstitute.org/api/v2/well_known_file_download/308870257
703493,W2-1-1,W2-1-1-F.1,W2-1-1-F.1.01,300629352,8.3,298764274,LE-reference-histology,"Leading Edge sampled by reference histology",46105648,32.3,2.06,11.3,Gene-level fpkm profile,http://glioblastoma.alleninstitute.org/api/v2/well_known_file_download/308849777
113597519,W42-1-1,W42-1-1-G,W42-1-1-G.03,305461115,7.4,309780660,CT-control-DANCR,"Cellular Tumor sampled by low expression of gene DANCR",42829800,26.9,2.28,10.9,Gene-level fpkm profile,http://glioblastoma.alleninstitute.org/api/v2/well_known_file_download/309349075
286837173,W54-1-1,W54-1-1-C,W54-1-1-C.03,304950409,,309780660,CT-control-DANCR,"Cellular Tumor sampled by low expression of gene DANCR",30748661,52.8,2.97,4.31,Gene-level fpkm profile,http://glioblastoma.alleninstitute.org/api/v2/well_known_file_download/309345616
292163427,W55-1-1,W55-1-1-F,W55-1-1-F.03,302264010,8.7,309780906,CTmvp-reference-histology,"Microvascular proliferation sampled by reference histology",26435526,52.5,3.21,7.34,Gene-level fpkm profile,http://glioblastoma.alleninstitute.org/api/v2/well_known_file_download/308871914
286837173,W54-1-1,W54-1-1-F,W54-1-1-F.03,305461074,7,309780884,CThbv-HIF1A,"Hyperplastic blood vessels in cellular tumor sampled by high expression of gene HIF1A",9829243,46,2.21,7,Gene-level fpkm profile,http://glioblastoma.alleninstitute.org/api/v2/well_known_file_download/309343365
711574,W33-1-1,W33-1-1-L,W33-1-1-L.03,304477581,8.7,309780660,CT-control-DANCR,"Cellular Tumor sampled by low expression of gene DANCR",28122140,40.7,2.23,8.02,Gene-level fpkm profile,http://glioblastoma.alleninstitute.org/api/v2/well_known_file_download/308967090
705757,W8-1-1,W8-1-1-F.1,W8-1-1-F.1.01,301626603,7.8,298764292,IT-reference-histology,"Infiltrating Tumor sampled by reference histology",30747985,46.5,2.21,6.27,Gene-level fpkm profile,http://glioblastoma.alleninstitute.org/api/v2/well_known_file_download/308873123
709556,W16-1-1,W16-1-1-B,W16-1-1-B.03,304357512,7.6,309780736,CT-control-PI3,"Cellular Tumor sampled by low expression of gene PI3",32793073,35.6,2.53,9.13,Gene-level fpkm profile,http://glioblastoma.alleninstitute.org/api/v2/well_known_file_download/308960173
705859,W11-1-1,W11-1-1-D.1,W11-1-1-D.1.01,301287630,8.1,309780592,CT-reference-histology,"Cellular Tumor sampled by reference histology",30673196,36.8,2.16,8.96,Gene-level fpkm profile,http://glioblastoma.alleninstitute.org/api/v2/well_known_file_download/308867072
113597988,W43-1-1,W43-1-1-J,W43-1-1-J.03,304950415,5.8,309780830,CTpnz-PI3,"Perinecrotic zone sampled by high expression of gene PI3",29125100,36.9,3.59,8.63,Gene-level fpkm profile,http://glioblastoma.alleninstitute.org/api/v2/well_known_file_download/309345500
705711,W7-1-1,W7-1-1-A.2,W7-1-1-A.2.03,304950265,7.8,309780862,CTpan-PDPN,"Pseudopalisading cells around necrosis sampled by high expression of gene PDPN",38317699,42.5,2.6,5.94,Gene-level fpkm profile,http://glioblastoma.alleninstitute.org/api/v2/well_known_file_download/309347272
705757,W8-1-1,W8-1-1-A.1,W8-1-1-A.1.03,303748262,7.7,309780854,CTpan-ID2,"Pseudopalisading cells around necrosis sampled by high expression of gene ID2",35713414,37.2,3.65,10.6,Gene-level fpkm profile,http://glioblastoma.alleninstitute.org/api/v2/well_known_file_download/308931352
703393,W1-1-2,W1-1-2-H.2,W1-1-2-H.2.01,300173640,8.2,298764292,IT-reference-histology,"Infiltrating Tumor sampled by reference histology",49193914,38.5,2.43,14.4,Gene-level fpkm profile,http://glioblastoma.alleninstitute.org/api/v2/well_known_file_download/308866465
705757,W8-1-1,W8-1-1-H.1,W8-1-1-H.1.01,302264000,7.1,309780592,CT-reference-histology,"Cellular Tumor sampled by reference histology",23254599,31,3.43,9.72,Gene-level fpkm profile,http://glioblastoma.alleninstitute.org/api/v2/well_known_file_download/308871817
705758,W5-1-1,W5-1-1-K.2,W5-1-1-K.2.06,300629403,7.8,309780592,CT-reference-histology,"Cellular Tumor sampled by reference histology",29055412,33.3,2.66,17.4,Gene-level fpkm profile,http://glioblastoma.alleninstitute.org/api/v2/well_known_file_download/308805786
710262,W26-1-1,W26-1-1-E,W26-1-1-E.03,301626683,7.8,309780846,CTpan-reference-histology,"Pseudopalisading cells around necrosis sampled by reference histology",28271110,47.3,2.71,8.53,Gene-level fpkm profile,http://glioblastoma.alleninstitute.org/api/v2/well_known_file_download/308851341
161243949,W48-1-1,W48-1-1-M,W48-1-1-M.03,304950328,7.7,309780814,CTpnz-ID1,"Perinecrotic zone sampled by high expression of gene ID1",36603886,46.6,2.51,5.79,Gene-level fpkm profile,http://glioblastoma.alleninstitute.org/api/v2/well_known_file_download/309347001
705859,W11-1-1,W11-1-1-F.1,W11-1-1-F.1.01,301287636,8.3,309780592,CT-reference-histology,"Cellular Tumor sampled by reference histology",22892458,37.5,2.03,6.16,Gene-level fpkm profile,http://glioblastoma.alleninstitute.org/api/v2/well_known_file_download/308866144
705803,W9-1-1,W9-1-1-D.1,W9-1-1-D.1.01,301287584,8.4,298764292,IT-reference-histology,"Infiltrating Tumor sampled by reference histology",22114483,44.6,2.3,7.22,Gene-level fpkm profile,http://glioblastoma.alleninstitute.org/api/v2/well_known_file_download/308868557
292163427,W55-1-1,W55-1-1-C,W55-1-1-C.03,303748305,7.8,298764292,IT-reference-histology,"Infiltrating Tumor sampled by reference histology",34585173,41.5,2.25,6.55,Gene-level fpkm profile,http://glioblastoma.alleninstitute.org/api/v2/well_known_file_download/308974328
705859,W11-1-1,W11-1-1-F.1,W11-1-1-F.1.01,301287638,8.6,298764292,IT-reference-histology,"Infiltrating Tumor sampled by reference histology",21353212,56.8,1.89,3.72,Gene-level fpkm profile,http://glioblastoma.alleninstitute.org/api/v2/well_known_file_download/308866018
705758,W5-1-1,W5-1-1-K.2,W5-1-1-K.2.06,300629409,7.4,298764292,IT-reference-histology,"Infiltrating Tumor sampled by reference histology",16657429,40.5,2.4,13.2,Gene-level fpkm profile,http://glioblastoma.alleninstitute.org/api/v2/well_known_file_download/308803723
705704,W3-1-1,W3-1-1-C.2,W3-1-1-C.2.03,304357595,7.3,309780760,CT-control-POSTN,"Cellular Tumor sampled by low expression of gene POSTN",33816165,15,2.25,11.3,Gene-level fpkm profile,http://glioblastoma.alleninstitute.org/api/v2/well_known_file_download/309308561
705803,W9-1-1,W9-1-1-B.2,W9-1-1-B.2.01,301287572,8.5,298764292,IT-reference-histology,"Infiltrating Tumor sampled by reference histology",28414217,45.5,2.39,9.14,Gene-level fpkm profile,http://glioblastoma.alleninstitute.org/api/v2/well_known_file_download/308869699
268091690,W22-2-1,W22-2-1-A,W22-2-1-A.03,305461117,6.5,309780830,CTpnz-PI3,"Perinecrotic zone sampled by high expression of gene PI3",39004341,40.9,2.46,8.12,Gene-level fpkm profile,http://glioblastoma.alleninstitute.org/api/v2/well_known_file_download/309369105
705859,W11-1-1,W11-1-1-D.1,W11-1-1-D.1.01,301287632,8.6,309780906,CTmvp-reference-histology,"Microvascular proliferation sampled by reference histology",25652239,47.6,2.51,6.14,Gene-level fpkm profile,http://glioblastoma.alleninstitute.org/api/v2/well_known_file_download/308866516
705757,W8-1-1,W8-1-1-G.2,W8-1-1-G.2.01,302263998,8.7,298764292,IT-reference-histology,"Infiltrating Tumor sampled by reference histology",32241978,44.1,2.27,7.63,Gene-level fpkm profile,http://glioblastoma.alleninstitute.org/api/v2/well_known_file_download/308872876
711574,W33-1-1,W33-1-1-F,W33-1-1-F.03,305952570,8.1,309780892,CThbv-ITGA6,"Hyperplastic blood vessels in cellular tumor sampled by high expression of gene ITGA6",37388262,48.4,2.43,6.51,Gene-level fpkm profile,http://glioblastoma.alleninstitute.org/api/v2/well_known_file_download/308304367
161243949,W48-1-1,W48-1-1-M,W48-1-1-M.03,304950330,4.1,309780900,CThbv-TGFBR2,"Hyperplastic blood vessels in cellular tumor sampled by high expression of gene TGFBR2",54804854,28.3,3.24,11.7,Gene-level fpkm profile,http://glioblastoma.alleninstitute.org/api/v2/well_known_file_download/308991043
705758,W5-1-1,W5-1-1-N.2,W5-1-1-N.2.01,300629424,8.5,309780592,CT-reference-histology,"Cellular Tumor sampled by reference histology",30382939,26.9,2.42,14.8,Gene-level fpkm profile,http://glioblastoma.alleninstitute.org/api/v2/well_known_file_download/308810102
268091649,W53-1-1,W53-1-1-B,W53-1-1-B.03,304357514,5.6,309780854,CTpan-ID2,"Pseudopalisading cells around necrosis sampled by high expression of gene ID2",31995982,41.3,3.47,8.2,Gene-level fpkm profile,http://glioblastoma.alleninstitute.org/api/v2/well_known_file_download/308881912
705757,W8-1-1,W8-1-1-G.2,W8-1-1-G.2.01,302263996,8.2,298764274,LE-reference-histology,"Leading Edge sampled by reference histology",28720803,42.3,2.28,9.15,Gene-level fpkm profile,http://glioblastoma.alleninstitute.org/api/v2/well_known_file_download/308872696
711547,W31-1-1,W31-1-1-E,W31-1-1-E.03,305273026,7.2,309780600,CT-CD44,"Cellular Tumor sampled by high expression of gene CD44",34681919,38.1,2.49,9.06,Gene-level fpkm profile,http://glioblastoma.alleninstitute.org/api/v2/well_known_file_download/309368675
277857081,W27-2-1,W27-2-1-I,W27-2-1-I.03,304950380,6.2,309780724,CT-control-PDPN-HIF1A,"Cellular Tumor sampled by low expression of genes PDPN and HIF1A",55145510,27.5,3.49,13.3,Gene-level fpkm profile,http://glioblastoma.alleninstitute.org/api/v2/well_known_file_download/309345812
711560,W32-1-1,W32-1-1-E,W32-1-1-E.04,306124412,7.6,309780854,CTpan-ID2,"Pseudopalisading cells around necrosis sampled by high expression of gene ID2",29016400,41.1,2.67,11.4,Gene-level fpkm profile,http://glioblastoma.alleninstitute.org/api/v2/well_known_file_download/308303615
277857081,W27-2-1,W27-2-1-D,W27-2-1-D.03,305272808,7.9,309780858,CTpan-MYC,"Pseudopalisading cells around necrosis sampled by high expression of gene MYC",45408084,47.2,2.67,8.44,Gene-level fpkm profile,http://glioblastoma.alleninstitute.org/api/v2/well_known_file_download/309360078
710659,W28-1-1,W28-1-1-N,W28-1-1-N.03,306124406,8.2,309817678,CT-control-HIF1A,"Cellular Tumor sampled by low expression of gene HIF1A",28399684,46.2,2.33,8.5,Gene-level fpkm profile,http://glioblastoma.alleninstitute.org/api/v2/well_known_file_download/308303450
706190,W12-1-1,W12-1-1-D.2,W12-1-1-D.2.05,304357520,5.7,309780854,CTpan-ID2,"Pseudopalisading cells around necrosis sampled by high expression of gene ID2",30283563,38.2,3.76,10.1,Gene-level fpkm profile,http://glioblastoma.alleninstitute.org/api/v2/well_known_file_download/308975469
705727,W4-1-1,W4-1-1-A.1,W4-1-1-A.1.03,305952556,7.3,309780830,CTpnz-PI3,"Perinecrotic zone sampled by high expression of gene PI3",26288669,35.3,3.84,11.9,Gene-level fpkm profile,http://glioblastoma.alleninstitute.org/api/v2/well_known_file_download/308303523
703393,W1-1-2,W1-1-2-V.1,W1-1-2-V.1.01,300629323,6.5,298764292,IT-reference-histology,"Infiltrating Tumor sampled by reference histology",35718022,25.6,2.59,15.2,Gene-level fpkm profile,http://glioblastoma.alleninstitute.org/api/v2/well_known_file_download/308863243
709529,W21-1-1,W21-1-1-E,W21-1-1-E.03,303748338,6.4,309780688,CT-control-IGFBP2,"Cellular Tumor sampled by low expression of gene IGFBP2",27415212,33.3,2.7,13.1,Gene-level fpkm profile,http://glioblastoma.alleninstitute.org/api/v2/well_known_file_download/308976024
703493,W2-1-1,W2-1-1-M.2,W2-1-1-M.2.01,300629356,6.6,298764292,IT-reference-histology,"Infiltrating Tumor sampled by reference histology",32894606,37.7,2.31,11.2,Gene-level fpkm profile,http://glioblastoma.alleninstitute.org/api/v2/well_known_file_download/308813079
711574,W33-1-1,W33-1-1-F,W33-1-1-F.03,305952568,7.3,309780814,CTpnz-ID1,"Perinecrotic zone sampled by high expression of gene ID1",31458361,43.1,2.29,10.4,Gene-level fpkm profile,http://glioblastoma.alleninstitute.org/api/v2/well_known_file_download/308303995
705727,W4-1-1,W4-1-1-C.2,W4-1-1-C.2.03,304357599,6.3,309780796,CT-control-TNFAIP3,"Cellular Tumor sampled by low expression of gene TNFAIP3",35023091,30.1,2.54,9.14,Gene-level fpkm profile,http://glioblastoma.alleninstitute.org/api/v2/well_known_file_download/308975289
710262,W26-1-1,W26-1-1-I,W26-1-1-I.03,301626689,7.6,309780592,CT-reference-histology,"Cellular Tumor sampled by reference histology",22106171,49.3,2.21,5.99,Gene-level fpkm profile,http://glioblastoma.alleninstitute.org/api/v2/well_known_file_download/308822463
712737,W40-1-1,W40-1-1-J,W40-1-1-J.03,305272798,6.8,309780676,CT-control-ID1-POSTN,"Cellular Tumor sampled by low expression of genes ID1 and POSTN",34950545,43.2,1.92,7.36,Gene-level fpkm profile,http://glioblastoma.alleninstitute.org/api/v2/well_known_file_download/309369035
703493,W2-1-1,W2-1-1-F.1,W2-1-1-F.1.01,300629370,7.7,309780846,CTpan-reference-histology,"Pseudopalisading cells around necrosis sampled by reference histology",33913936,36.4,2.26,11.2,Gene-level fpkm profile,http://glioblastoma.alleninstitute.org/api/v2/well_known_file_download/308816793
712653,W39-1-1,W39-1-1-O,W39-1-1-O.03,304703657,8.2,309780838,CTpnz-TNFAIP3,"Perinecrotic zone sampled by high expression of gene TNFAIP3",62375313,33.3,2.87,10.7,Gene-level fpkm profile,http://glioblastoma.alleninstitute.org/api/v2/well_known_file_download/309100275
711560,W32-1-1,W32-1-1-B,W32-1-1-B.01,304950296,,309780906,CTmvp-reference-histology,"Microvascular proliferation sampled by reference histology",31899162,37,2.85,10.4,Gene-level fpkm profile,http://glioblastoma.alleninstitute.org/api/v2/well_known_file_download/308870458
711547,W31-1-1,W31-1-1-J,W31-1-1-J.01,301287736,7.8,309780906,CTmvp-reference-histology,"Microvascular proliferation sampled by reference histology",42020664,35,3.12,11.2,Gene-level fpkm profile,http://glioblastoma.alleninstitute.org/api/v2/well_known_file_download/308873300
705859,W11-1-1,W11-1-1-E.2,W11-1-1-E.2.03,303748264,8,309780796,CT-control-TNFAIP3,"Cellular Tumor sampled by low expression of gene TNFAIP3",30588399,31.5,1.98,8.59,Gene-level fpkm profile,http://glioblastoma.alleninstitute.org/api/v2/well_known_file_download/308976313
712625,W38-1-1,W38-1-1-I,W38-1-1-I.03,306124462,,309817686,CThbv-CD44,"Hyperplastic blood vessels in cellular tumor sampled by high expression of gene CD44",28055120,55.1,3.03,7.59,Gene-level fpkm profile,http://glioblastoma.alleninstitute.org/api/v2/well_known_file_download/308303781
705727,W4-1-1,W4-1-1-A.1,W4-1-1-A.1.03,305952554,5.7,309780736,CT-control-PI3,"Cellular Tumor sampled by low expression of gene PI3",51606324,19.8,4.39,17.7,Gene-level fpkm profile,http://glioblastoma.alleninstitute.org/api/v2/well_known_file_download/308305518
709556,W16-1-1,W16-1-1-D,W16-1-1-D.03,304477571,6.5,309780914,CTmvp-ITGA6,"Microvascular proliferation sampled by high expression of gene ITGA6",36690008,38.1,2.72,6.51,Gene-level fpkm profile,http://glioblastoma.alleninstitute.org/api/v2/well_known_file_download/308975063
705757,W8-1-1,W8-1-1-A.1,W8-1-1-A.1.03,303748260,7.6,309780684,CT-control-ID2,"Cellular Tumor sampled by low expression of gene ID2",30317602,35.7,2.41,7.89,Gene-level fpkm profile,http://glioblastoma.alleninstitute.org/api/v2/well_known_file_download/308882167
705803,W9-1-1,W9-1-1-D.1,W9-1-1-D.1.01,302262284,7.7,298764274,LE-reference-histology,"Leading Edge sampled by reference histology",25420135,46.8,2.23,7.74,Gene-level fpkm profile,http://glioblastoma.alleninstitute.org/api/v2/well_known_file_download/308868929
268091649,W53-1-1,W53-1-1-B,W53-1-1-B.03,304357516,7.3,309780620,CT-MET,"Cellular Tumor sampled by high expression of gene MET",33353728,48.3,2.46,4.65,Gene-level fpkm profile,http://glioblastoma.alleninstitute.org/api/v2/well_known_file_download/308974966
705810,W10-1-1,W10-1-1-E.2,W10-1-1-E.2.03,306124454,7.1,309780896,CThbv-POSTN,"Hyperplastic blood vessels in cellular tumor sampled by high expression of gene POSTN",37324336,43.2,3.63,11.8,Gene-level fpkm profile,http://glioblastoma.alleninstitute.org/api/v2/well_known_file_download/308304445
286837173,W54-1-1,W54-1-1-C,W54-1-1-C.03,304950411,6.1,309780604,CT-DANCR,"Cellular Tumor sampled by high expression of gene DANCR",45538805,42.3,2.72,10.4,Gene-level fpkm profile,http://glioblastoma.alleninstitute.org/api/v2/well_known_file_download/309083378
703393,W1-1-2,W1-1-2-H.2,W1-1-2-H.2.01,300173636,8.4,309780592,CT-reference-histology,"Cellular Tumor sampled by reference histology",14145385,34,2.61,15.1,Gene-level fpkm profile,http://glioblastoma.alleninstitute.org/api/v2/well_known_file_download/308866047
710659,W28-1-1,W28-1-1-A,W28-1-1-A.03,304477573,5.7,309817682,CT-control-ID1,"Cellular Tumor sampled by low expression of gene ID1",38717167,33.5,3.75,9.17,Gene-level fpkm profile,http://glioblastoma.alleninstitute.org/api/v2/well_known_file_download/308974905
705803,W9-1-1,W9-1-1-J.2,W9-1-1-J.2.01,302262298,7.4,309780846,CTpan-reference-histology,"Pseudopalisading cells around necrosis sampled by reference histology",32359582,35.3,3.1,13.6,Gene-level fpkm profile,http://glioblastoma.alleninstitute.org/api/v2/well_known_file_download/308867631
703393,W1-1-2,W1-1-2-D.2,W1-1-2-D.2.01,300173630,7.6,309780592,CT-reference-histology,"Cellular Tumor sampled by reference histology",31773746,29.6,2.84,16.7,Gene-level fpkm profile,http://glioblastoma.alleninstitute.org/api/v2/well_known_file_download/308868734
705735,W6-1-1,W6-1-1-C.2,W6-1-1-C.2.06,305273042,7.7,309780830,CTpnz-PI3,"Perinecrotic zone sampled by high expression of gene PI3",40023569,49.8,2.1,5.59,Gene-level fpkm profile,http://glioblastoma.alleninstitute.org/api/v2/well_known_file_download/309369639
705704,W3-1-1,W3-1-1-E.1,W3-1-1-E.1.04,306124420,7.8,309780826,CTpnz-PDPN,"Perinecrotic zone sampled by high expression of gene PDPN",46842587,33.3,3.16,11.2,Gene-level fpkm profile,http://glioblastoma.alleninstitute.org/api/v2/well_known_file_download/308305249
705704,W3-1-1,W3-1-1-C.2,W3-1-1-C.2.03,304357597,7.3,309780896,CThbv-POSTN,"Hyperplastic blood vessels in cellular tumor sampled by high expression of gene POSTN",57587872,27.3,3.09,14.9,Gene-level fpkm profile,http://glioblastoma.alleninstitute.org/api/v2/well_known_file_download/308991136
706190,W12-1-1,W12-1-1-D.2,W12-1-1-D.2.05,304950249,6.3,309780740,CT-control-PI3-ID2,"Cellular Tumor sampled by low expression of genes PI3 and ID2",27125059,32.4,2.73,8.84,Gene-level fpkm profile,http://glioblastoma.alleninstitute.org/api/v2/well_known_file_download/308971084
703393,W1-1-2,W1-1-2-N.1,W1-1-2-N.1.01,300629386,5.6,298764274,LE-reference-histology,"Leading Edge sampled by reference histology",45326556,29.1,2.13,12.5,Gene-level fpkm profile,http://glioblastoma.alleninstitute.org/api/v2/well_known_file_download/308867922
113597988,W43-1-1,W43-1-1-I,W43-1-1-I.03,305405302,7.7,309780888,CThbv-IGFBP2,"Hyperplastic blood vessels in cellular tumor sampled by high expression of gene IGFBP2",30896059,32.3,2.6,9.06,Gene-level fpkm profile,http://glioblastoma.alleninstitute.org/api/v2/well_known_file_download/308303862
703493,W2-1-1,W2-1-1-N.1,W2-1-1-N.1.01,300629358,8.7,309780592,CT-reference-histology,"Cellular Tumor sampled by reference histology",23704905,43.8,2.22,10.2,Gene-level fpkm profile,http://glioblastoma.alleninstitute.org/api/v2/well_known_file_download/308821998
705810,W10-1-1,W10-1-1-I.2,W10-1-1-I.2.03,305952562,6.5,309780818,CTpnz-IGFBP2,"Perinecrotic zone sampled by high expression of gene IGFBP2",42975768,41.9,2.9,8.23,Gene-level fpkm profile,http://glioblastoma.alleninstitute.org/api/v2/well_known_file_download/308304920
711645,W34-1-1,W34-1-1-G,W34-1-1-G.03,305272792,6.8,309780772,CT-control-POSTN-TGFBR2,"Cellular Tumor sampled by low expression of genes POSTN and TGFBR2",41560966,27.9,1.97,13.3,Gene-level fpkm profile,http://glioblastoma.alleninstitute.org/api/v2/well_known_file_download/309370250
705803,W9-1-1,W9-1-1-K.2,W9-1-1-K.2.01,301287738,4.8,309780906,CTmvp-reference-histology,"Microvascular proliferation sampled by reference histology",29591433,30.4,3.25,14.9,Gene-level fpkm profile,http://glioblastoma.alleninstitute.org/api/v2/well_known_file_download/308870387
709564,W22-1-1,W22-1-1-F,W22-1-1-F.03,304950302,3.6,309780900,CThbv-TGFBR2,"Hyperplastic blood vessels in cellular tumor sampled by high expression of gene TGFBR2",42596659,33.5,3.49,8.22,Gene-level fpkm profile,http://glioblastoma.alleninstitute.org/api/v2/well_known_file_download/309349275
705859,W11-1-1,W11-1-1-M.1,W11-1-1-M.1.01,301626679,5.3,309780906,CTmvp-reference-histology,"Microvascular proliferation sampled by reference histology",21669831,41.9,2.75,7.42,Gene-level fpkm profile,http://glioblastoma.alleninstitute.org/api/v2/well_known_file_download/308820309
268091649,W53-1-1,W53-1-1-C,W53-1-1-C.03,305405306,7.8,309780624,CT-NOS2,"Cellular Tumor sampled by high expression of gene NOS2",40106628,45.1,3.2,19.3,Gene-level fpkm profile,http://glioblastoma.alleninstitute.org/api/v2/well_known_file_download/309357198
703493,W2-1-1,W2-1-1-D.1,W2-1-1-D.1.01,300629346,7.3,309780846,CTpan-reference-histology,"Pseudopalisading cells around necrosis sampled by reference histology",38986377,43.6,2.8,8.48,Gene-level fpkm profile,http://glioblastoma.alleninstitute.org/api/v2/well_known_file_download/308825501
705859,W11-1-1,W11-1-1-B.1,W11-1-1-B.1.01,301287609,8.2,298764274,LE-reference-histology,"Leading Edge sampled by reference histology",27079306,49.7,2.24,6.9,Gene-level fpkm profile,http://glioblastoma.alleninstitute.org/api/v2/well_known_file_download/308866839
705757,W8-1-1,W8-1-1-H.1,W8-1-1-H.1.01,302264002,8.4,309780846,CTpan-reference-histology,"Pseudopalisading cells around necrosis sampled by reference histology",20471715,48.6,2.64,5.11,Gene-level fpkm profile,http://glioblastoma.alleninstitute.org/api/v2/well_known_file_download/308871633
710262,W26-1-1,W26-1-1-F,W26-1-1-F.03,301626687,7.9,309780846,CTpan-reference-histology,"Pseudopalisading cells around necrosis sampled by reference histology",28561449,47,2.48,7.42,Gene-level fpkm profile,http://glioblastoma.alleninstitute.org/api/v2/well_known_file_download/308849746
277805915,W20-2-1,W20-2-1-I,W20-2-1-I.03,304950374,5.5,309780776,CT-control-PROM1,"Cellular Tumor sampled by low expression of gene PROM1",32167767,23.7,7.52,14.6,Gene-level fpkm profile,http://glioblastoma.alleninstitute.org/api/v2/well_known_file_download/309345943
277805915,W20-2-1,W20-2-1-L,W20-2-1-L.03,304950405,8.2,309780760,CT-control-POSTN,"Cellular Tumor sampled by low expression of gene POSTN",33570816,46.8,2.8,6.31,Gene-level fpkm profile,http://glioblastoma.alleninstitute.org/api/v2/well_known_file_download/309346053
113597988,W43-1-1,W43-1-1-J,W43-1-1-J.03,304950261,6.8,309780768,CT-control-POSTN-PI3,"Cellular Tumor sampled by low expression of genes POSTN and PI3",56241986,34.7,2.83,13.6,Gene-level fpkm profile,http://glioblastoma.alleninstitute.org/api/v2/well_known_file_download/308991766
705758,W5-1-1,W5-1-1-K.1,W5-1-1-K.1.01,301287568,7.5,309780906,CTmvp-reference-histology,"Microvascular proliferation sampled by reference histology",34297305,36.6,2.63,9.09,Gene-level fpkm profile,http://glioblastoma.alleninstitute.org/api/v2/well_known_file_download/308868833
711547,W31-1-1,W31-1-1-H,W31-1-1-H.06,301287708,8.1,309780592,CT-reference-histology,"Cellular Tumor sampled by reference histology",43697279,41.3,2.45,15.1,Gene-level fpkm profile,http://glioblastoma.alleninstitute.org/api/v2/well_known_file_download/308871971
113597519,W42-1-1,W42-1-1-J,W42-1-1-J.03,305272802,6.2,309780866,CTpan-PI3,"Pseudopalisading cells around necrosis sampled by high expression of gene PI3",37856788,33.8,3.49,8.96,Gene-level fpkm profile,http://glioblastoma.alleninstitute.org/api/v2/well_known_file_download/309369160
705803,W9-1-1,W9-1-1-C.2,W9-1-1-C.2.03,301287599,7.3,298764292,IT-reference-histology,"Infiltrating Tumor sampled by reference histology",24850449,38.6,2.42,9.93,Gene-level fpkm profile,http://glioblastoma.alleninstitute.org/api/v2/well_known_file_download/308869836
709564,W22-1-1,W22-1-1-H,W22-1-1-H.03,305272996,6.9,309780858,CTpan-MYC,"Pseudopalisading cells around necrosis sampled by high expression of gene MYC",51713415,46.3,3.14,8.92,Gene-level fpkm profile,http://glioblastoma.alleninstitute.org/api/v2/well_known_file_download/309370141
277805915,W20-2-1,W20-2-1-L,W20-2-1-L.03,304950407,7.7,309780640,CT-POSTN,"Cellular Tumor sampled by high expression of gene POSTN",35280099,52.3,2.95,3.65,Gene-level fpkm profile,http://glioblastoma.alleninstitute.org/api/v2/well_known_file_download/309346343
705803,W9-1-1,W9-1-1-C.2,W9-1-1-C.2.03,301287601,7.7,298764292,IT-reference-histology,"Infiltrating Tumor sampled by reference histology",63680870,43.6,2.4,9.45,Gene-level fpkm profile,http://glioblastoma.alleninstitute.org/api/v2/well_known_file_download/308873202
711547,W31-1-1,W31-1-1-G,W31-1-1-G.03,301287706,8,298764274,LE-reference-histology,"Leading Edge sampled by reference histology",27091774,44.8,2.19,9.29,Gene-level fpkm profile,http://glioblastoma.alleninstitute.org/api/v2/well_known_file_download/308873988
708983,W13-1-1,W13-1-1-A,W13-1-1-A.03,305461082,4.7,309780764,CT-control-POSTN-IGFBP2,"Cellular Tumor sampled by low expression of genes POSTN and IGFBP2",30911504,16.2,2.9,9.82,Gene-level fpkm profile,http://glioblastoma.alleninstitute.org/api/v2/well_known_file_download/308303639
277857081,W27-2-1,W27-2-1-I,W27-2-1-I.03,305461111,6.1,309780608,CT-HIF1A,"Cellular Tumor sampled by high expression of gene HIF1A",29545437,35.4,2.85,9.49,Gene-level fpkm profile,http://glioblastoma.alleninstitute.org/api/v2/well_known_file_download/309346166
703493,W2-1-1,W2-1-1-N.1,W2-1-1-N.1.01,300629376,5.5,309780906,CTmvp-reference-histology,"Microvascular proliferation sampled by reference histology",27865797,41.2,3.4,12.8,Gene-level fpkm profile,http://glioblastoma.alleninstitute.org/api/v2/well_known_file_download/308868300
711560,W32-1-1,W32-1-1-A,W32-1-1-A.01,304950286,5.6,309780592,CT-reference-histology,"Cellular Tumor sampled by reference histology",33437474,22.4,2.4,20.5,Gene-level fpkm profile,http://glioblastoma.alleninstitute.org/api/v2/well_known_file_download/308872308
709564,W22-1-1,W22-1-1-F,W22-1-1-F.03,304950300,6,309780792,CT-control-TGFBR2,"Cellular Tumor sampled by low expression of gene TGFBR2",39343488,42.4,2.25,8.51,Gene-level fpkm profile,http://glioblastoma.alleninstitute.org/api/v2/well_known_file_download/309347979
703493,W2-1-1,W2-1-1-F.1,W2-1-1-F.1.01,300629350,8.7,309780592,CT-reference-histology,"Cellular Tumor sampled by reference histology",36695488,48.2,2.46,9.32,Gene-level fpkm profile,http://glioblastoma.alleninstitute.org/api/v2/well_known_file_download/308869446
705803,W9-1-1,W9-1-1-C.2,W9-1-1-C.2.04,306124450,7,309780870,CTpan-PROM1,"Pseudopalisading cells around necrosis sampled by high expression of gene PROM1",35478234,41,3.28,11.4,Gene-level fpkm profile,http://glioblastoma.alleninstitute.org/api/v2/well_known_file_download/308304584
709556,W16-1-1,W16-1-1-F,W16-1-1-F.03,303748336,7.3,309780900,CThbv-TGFBR2,"Hyperplastic blood vessels in cellular tumor sampled by high expression of gene TGFBR2",32905177,37.8,3.01,6.48,Gene-level fpkm profile,http://glioblastoma.alleninstitute.org/api/v2/well_known_file_download/308975868
710684,W29-1-1,W29-1-1-G,W29-1-1-G.03,305405294,7.2,309780806,CTpnz-CD44,"Perinecrotic zone sampled by high expression of gene CD44",26020710,44.3,2.23,5.58,Gene-level fpkm profile,http://glioblastoma.alleninstitute.org/api/v2/well_known_file_download/308303351
292163427,W55-1-1,W55-1-1-E,W55-1-1-E.03,302264008,8.4,309780906,CTmvp-reference-histology,"Microvascular proliferation sampled by reference histology",34178744,39.7,2.84,11.7,Gene-level fpkm profile,http://glioblastoma.alleninstitute.org/api/v2/well_known_file_download/308873948
711645,W34-1-1,W34-1-1-G,W34-1-1-G.03,305272794,7.3,309780640,CT-POSTN,"Cellular Tumor sampled by high expression of gene POSTN",80978785,42.4,2.04,9.41,Gene-level fpkm profile,http://glioblastoma.alleninstitute.org/api/v2/well_known_file_download/309370667
710684,W29-1-1,W29-1-1-G,W29-1-1-G.03,305405292,8.4,309780652,CT-control-CD44-MYC,"Cellular Tumor sampled by low expression of genes CD44 and MYC",27271479,50,1.98,5.24,Gene-level fpkm profile,http://glioblastoma.alleninstitute.org/api/v2/well_known_file_download/308303320
711560,W32-1-1,W32-1-1-B,W32-1-1-B.01,304950294,5.8,309780846,CTpan-reference-histology,"Pseudopalisading cells around necrosis sampled by reference histology",27889884,34,3.14,14,Gene-level fpkm profile,http://glioblastoma.alleninstitute.org/api/v2/well_known_file_download/308871409
705859,W11-1-1,W11-1-1-E.2,W11-1-1-E.2.03,303748266,7.3,309780874,CTpan-TNFAIP3,"Pseudopalisading cells around necrosis sampled by high expression of gene TNFAIP3",36186650,32.5,3.54,10.7,Gene-level fpkm profile,http://glioblastoma.alleninstitute.org/api/v2/well_known_file_download/308937457
292163427,W55-1-1,W55-1-1-E,W55-1-1-E.03,303748315,7.5,298764292,IT-reference-histology,"Infiltrating Tumor sampled by reference histology",26125630,35.9,2.48,10.1,Gene-level fpkm profile,http://glioblastoma.alleninstitute.org/api/v2/well_known_file_download/308872586
705859,W11-1-1,W11-1-1-G.2,W11-1-1-G.2.01,301287644,8.3,309780906,CTmvp-reference-histology,"Microvascular proliferation sampled by reference histology",34325240,40.4,2.41,8.1,Gene-level fpkm profile,http://glioblastoma.alleninstitute.org/api/v2/well_known_file_download/308865514
711547,W31-1-1,W31-1-1-F,W31-1-1-F.03,301287700,8.3,309780906,CTmvp-reference-histology,"Microvascular proliferation sampled by reference histology",32425800,44.3,3.04,9.95,Gene-level fpkm profile,http://glioblastoma.alleninstitute.org/api/v2/well_known_file_download/308881974
705803,W9-1-1,W9-1-1-J.2,W9-1-1-J.2.01,303748201,6.7,309780906,CTmvp-reference-histology,"Microvascular proliferation sampled by reference histology",28039781,32.2,3.06,11.6,Gene-level fpkm profile,http://glioblastoma.alleninstitute.org/api/v2/well_known_file_download/308869926
703393,W1-1-2,W1-1-2-E.1,W1-1-2-E.1.03,304950324,4.2,309780900,CThbv-TGFBR2,"Hyperplastic blood vessels in cellular tumor sampled by high expression of gene TGFBR2",33385864,25.4,2.7,9.11,Gene-level fpkm profile,http://glioblastoma.alleninstitute.org/api/v2/well_known_file_download/309165870
703393,W1-1-2,W1-1-2-H.2,W1-1-2-H.2.01,300173638,8.6,298764274,LE-reference-histology,"Leading Edge sampled by reference histology",32330722,50.2,2.18,5.11,Gene-level fpkm profile,http://glioblastoma.alleninstitute.org/api/v2/well_known_file_download/308944620
268091649,W53-1-1,W53-1-1-B,W53-1-1-B.03,304357518,6.7,309780700,CT-control-MET-ID2,"Cellular Tumor sampled by low expression of genes MET and ID2",24920756,31.7,2.63,8.81,Gene-level fpkm profile,http://glioblastoma.alleninstitute.org/api/v2/well_known_file_download/308930965
705757,W8-1-1,W8-1-1-F.1,W8-1-1-F.1.01,301626599,6.8,309780846,CTpan-reference-histology,"Pseudopalisading cells around necrosis sampled by reference histology",27189199,35.1,4.15,11.9,Gene-level fpkm profile,http://glioblastoma.alleninstitute.org/api/v2/well_known_file_download/308872486
268091649,W53-1-1,W53-1-1-A,W53-1-1-A.03,304703663,8.1,309780704,CT-control-MET-TGFBR2,"Cellular Tumor sampled by low expression of genes MET and TGFBR2",20456713,48.3,2.04,3.75,Gene-level fpkm profile,http://glioblastoma.alleninstitute.org/api/v2/well_known_file_download/309340318
712625,W38-1-1,W38-1-1-I,W38-1-1-I.03,306124482,7.2,309780834,CTpnz-PROM1,"Perinecrotic zone sampled by high expression of gene PROM1",55142745,49.4,3.43,10.9,Gene-level fpkm profile,http://glioblastoma.alleninstitute.org/api/v2/well_known_file_download/308122106
711547,W31-1-1,W31-1-1-H,W31-1-1-H.06,301287730,7,298764274,LE-reference-histology,"Leading Edge sampled by reference histology",26749093,46,1.96,8.18,Gene-level fpkm profile,http://glioblastoma.alleninstitute.org/api/v2/well_known_file_download/308873697
705859,W11-1-1,W11-1-1-B.1,W11-1-1-B.1.01,301287611,7,309780846,CTpan-reference-histology,"Pseudopalisading cells around necrosis sampled by reference histology",29373315,41.6,3.32,10.2,Gene-level fpkm profile,http://glioblastoma.alleninstitute.org/api/v2/well_known_file_download/308866978
292163427,W55-1-1,W55-1-1-G,W55-1-1-G.03,303748328,8.3,309780592,CT-reference-histology,"Cellular Tumor sampled by reference histology",32953387,40.7,2.46,10.3,Gene-level fpkm profile,http://glioblastoma.alleninstitute.org/api/v2/well_known_file_download/308871460
711574,W33-1-1,W33-1-1-L,W33-1-1-L.03,304477583,8,309817690,CThbv-DANCR,"Hyperplastic blood vessels in cellular tumor sampled by high expression of gene DANCR",29774196,57.2,2.18,4.74,Gene-level fpkm profile,http://glioblastoma.alleninstitute.org/api/v2/well_known_file_download/308940976
710262,W26-1-1,W26-1-1-I,W26-1-1-I.03,301626595,7.6,309780846,CTpan-reference-histology,"Pseudopalisading cells around necrosis sampled by reference histology",21515149,51.2,2.43,5.29,Gene-level fpkm profile,http://glioblastoma.alleninstitute.org/api/v2/well_known_file_download/308869493
709529,W21-1-1,W21-1-1-B,W21-1-1-B.06,305461103,6.5,309780736,CT-control-PI3,"Cellular Tumor sampled by low expression of gene PI3",48230372,38.9,2.7,14.3,Gene-level fpkm profile,http://glioblastoma.alleninstitute.org/api/v2/well_known_file_download/309369867
705803,W9-1-1,W9-1-1-H.2,W9-1-1-H.2.01,302262290,6.2,309780906,CTmvp-reference-histology,"Microvascular proliferation sampled by reference histology",22280987,33.7,3.16,11.3,Gene-level fpkm profile,http://glioblastoma.alleninstitute.org/api/v2/well_known_file_download/308866899
703393,W1-1-2,W1-1-2-H.2,W1-1-2-H.2.01,300629309,7,309780906,CTmvp-reference-histology,"Microvascular proliferation sampled by reference histology",31583082,34.6,2.72,12,Gene-level fpkm profile,http://glioblastoma.alleninstitute.org/api/v2/well_known_file_download/308862972
712737,W40-1-1,W40-1-1-I,W40-1-1-I.03,304357563,5.2,309780632,CT-PDPN,"Cellular Tumor sampled by high expression of gene PDPN",40494610,47.9,2.35,6.51,Gene-level fpkm profile,http://glioblastoma.alleninstitute.org/api/v2/well_known_file_download/308975417
711560,W32-1-1,W32-1-1-A,W32-1-1-A.01,304950290,6.2,309780906,CTmvp-reference-histology,"Microvascular proliferation sampled by reference histology",32830848,35.5,2.86,10.4,Gene-level fpkm profile,http://glioblastoma.alleninstitute.org/api/v2/well_known_file_download/308870565
705758,W5-1-1,W5-1-1-O.2,W5-1-1-O.2.03,300629432,8.9,309780592,CT-reference-histology,"Cellular Tumor sampled by reference histology",28000451,39.6,2.29,11.3,Gene-level fpkm profile,http://glioblastoma.alleninstitute.org/api/v2/well_known_file_download/308869593
703393,W1-1-2,W1-1-2-N.1,W1-1-2-N.1.01,300173646,,309780906,CTmvp-reference-histology,"Microvascular proliferation sampled by reference histology",35079999,32.1,3.28,12.8,Gene-level fpkm profile,http://glioblastoma.alleninstitute.org/api/v2/well_known_file_download/308818250
706190,W12-1-1,W12-1-1-D.2,W12-1-1-D.2.05,305461109,3.7,309780636,CT-PI3,"Cellular Tumor sampled by high expression of gene PI3",47438903,20.9,4.47,15.1,Gene-level fpkm profile,http://glioblastoma.alleninstitute.org/api/v2/well_known_file_download/309359432
703393,W1-1-2,W1-1-2-N.1,W1-1-2-N.1.01,300173644,7.8,298764292,IT-reference-histology,"Infiltrating Tumor sampled by reference histology",37162417,36.2,2.32,11.3,Gene-level fpkm profile,http://glioblastoma.alleninstitute.org/api/v2/well_known_file_download/308866792
711547,W31-1-1,W31-1-1-J,W31-1-1-J.01,301287734,7.7,298764292,IT-reference-histology,"Infiltrating Tumor sampled by reference histology",28110950,35.7,2.69,10.5,Gene-level fpkm profile,http://glioblastoma.alleninstitute.org/api/v2/well_known_file_download/308873734
705757,W8-1-1,W8-1-1-F.1,W8-1-1-F.1.01,301626597,7.9,309780592,CT-reference-histology,"Cellular Tumor sampled by reference histology",33176388,35.6,2.09,7.41,Gene-level fpkm profile,http://glioblastoma.alleninstitute.org/api/v2/well_known_file_download/308873468
705727,W4-1-1,W4-1-1-B.1,W4-1-1-B.1.03,305952560,7.5,309780600,CT-CD44,"Cellular Tumor sampled by high expression of gene CD44",30089143,36.9,2.56,10.3,Gene-level fpkm profile,http://glioblastoma.alleninstitute.org/api/v2/well_known_file_download/308303677
712737,W40-1-1,W40-1-1-J,W40-1-1-J.03,305272990,6.4,309780612,CT-ID1,"Cellular Tumor sampled by high expression of gene ID1",48910494,37,2.46,11.5,Gene-level fpkm profile,http://glioblastoma.alleninstitute.org/api/v2/well_known_file_download/309360959
705727,W4-1-1,W4-1-1-C.2,W4-1-1-C.2.03,304357601,6.7,309780838,CTpnz-TNFAIP3,"Perinecrotic zone sampled by high expression of gene TNFAIP3",39379676,33.8,2.63,9.69,Gene-level fpkm profile,http://glioblastoma.alleninstitute.org/api/v2/well_known_file_download/308976362
711645,W34-1-1,W34-1-1-D,W34-1-1-D.03,305273032,8.4,309780752,CT-control-PI3-NOS2-TNFAIP3,"Cellular Tumor sampled by low expression of genes PI3, NOS2 and TNFAIP3",40593252,20.3,1.96,13.7,Gene-level fpkm profile,http://glioblastoma.alleninstitute.org/api/v2/well_known_file_download/309355487
705711,W7-1-1,W7-1-1-A.2,W7-1-1-A.2.03,304950263,7.6,309780612,CT-ID1,"Cellular Tumor sampled by high expression of gene ID1",51712864,34.7,2.64,9.68,Gene-level fpkm profile,http://glioblastoma.alleninstitute.org/api/v2/well_known_file_download/309345559
708983,W13-1-1,W13-1-1-A,W13-1-1-A.03,305461084,5,309780888,CThbv-IGFBP2,"Hyperplastic blood vessels in cellular tumor sampled by high expression of gene IGFBP2",36855384,27.1,2.85,11.5,Gene-level fpkm profile,http://glioblastoma.alleninstitute.org/api/v2/well_known_file_download/308304188
703493,W2-1-1,W2-1-1-D.1,W2-1-1-D.1.01,300629344,8.8,309780592,CT-reference-histology,"Cellular Tumor sampled by reference histology",32446393,53.3,2.35,9.41,Gene-level fpkm profile,http://glioblastoma.alleninstitute.org/api/v2/well_known_file_download/308869396
113597988,W43-1-1,W43-1-1-I,W43-1-1-I.03,305405300,6.1,309780810,CTpnz-DANCR,"Perinecrotic zone sampled by high expression of gene DANCR",34227203,39.2,2.54,8.34,Gene-level fpkm profile,http://glioblastoma.alleninstitute.org/api/v2/well_known_file_download/308304096
705704,W3-1-1,W3-1-1-B.2,W3-1-1-B.2.03,303748254,7.1,309780874,CTpan-TNFAIP3,"Pseudopalisading cells around necrosis sampled by high expression of gene TNFAIP3",32624978,17.6,3.13,17.6,Gene-level fpkm profile,http://glioblastoma.alleninstitute.org/api/v2/well_known_file_download/308303964
705758,W5-1-1,W5-1-1-K.1,W5-1-1-K.1.01,300629401,8.2,298764292,IT-reference-histology,"Infiltrating Tumor sampled by reference histology",42724416,38.5,2.31,14.2,Gene-level fpkm profile,http://glioblastoma.alleninstitute.org/api/v2/well_known_file_download/308866402
710684,W29-1-1,W29-1-1-F,W29-1-1-F.03,304477579,6.5,309780834,CTpnz-PROM1,"Perinecrotic zone sampled by high expression of gene PROM1",26597377,45.8,2.73,7.07,Gene-level fpkm profile,http://glioblastoma.alleninstitute.org/api/v2/well_known_file_download/308936623
711547,W31-1-1,W31-1-1-F,W31-1-1-F.03,301287698,5.2,309780592,CT-reference-histology,"Cellular Tumor sampled by reference histology",21393113,22.1,4.29,23.4,Gene-level fpkm profile,http://glioblastoma.alleninstitute.org/api/v2/well_known_file_download/308870876
703393,W1-1-2,W1-1-2-D.2,W1-1-2-D.2.01,300629325,,298764274,LE-reference-histology,"Leading Edge sampled by reference histology",38278328,34.6,2.47,12,Gene-level fpkm profile,http://glioblastoma.alleninstitute.org/api/v2/well_known_file_download/308865886
705803,W9-1-1,W9-1-1-H.2,W9-1-1-H.2.01,302262292,6.9,309780846,CTpan-reference-histology,"Pseudopalisading cells around necrosis sampled by reference histology",29024053,30.9,3.24,14.7,Gene-level fpkm profile,http://glioblastoma.alleninstitute.org/api/v2/well_known_file_download/308867283
711547,W31-1-1,W31-1-1-A,W31-1-1-A.01,301626693,8.3,309780592,CT-reference-histology,"Cellular Tumor sampled by reference histology",24288650,50.9,2.39,5.67,Gene-level fpkm profile,http://glioblastoma.alleninstitute.org/api/v2/well_known_file_download/308827751
705803,W9-1-1,W9-1-1-B.2,W9-1-1-B.2.01,301287570,8.2,309780592,CT-reference-histology,"Cellular Tumor sampled by reference histology",29235637,32.7,2.23,11.7,Gene-level fpkm profile,http://glioblastoma.alleninstitute.org/api/v2/well_known_file_download/308869898
709529,W21-1-1,W21-1-1-E,W21-1-1-E.03,303748340,5.4,309780616,CT-IGFBP2,"Cellular Tumor sampled by high expression of gene IGFBP2",31126245,33.7,3.27,11.1,Gene-level fpkm profile,http://glioblastoma.alleninstitute.org/api/v2/well_known_file_download/308884140
705859,W11-1-1,W11-1-1-F.1,W11-1-1-F.1.01,301287640,7.9,298764274,LE-reference-histology,"Leading Edge sampled by reference histology",22438547,45.1,1.88,5.52,Gene-level fpkm profile,http://glioblastoma.alleninstitute.org/api/v2/well_known_file_download/308865798
705757,W8-1-1,W8-1-1-H.1,W8-1-1-H.1.01,302264004,6.8,298764274,LE-reference-histology,"Leading Edge sampled by reference histology",27381117,42,2.17,7.81,Gene-level fpkm profile,http://glioblastoma.alleninstitute.org/api/v2/well_known_file_download/308872156
711645,W34-1-1,W34-1-1-D,W34-1-1-D.03,305273036,8.6,309780830,CTpnz-PI3,"Perinecrotic zone sampled by high expression of gene PI3",44405086,42.3,2.46,14.7,Gene-level fpkm profile,http://glioblastoma.alleninstitute.org/api/v2/well_known_file_download/309369414
705803,W9-1-1,W9-1-1-K.2,W9-1-1-K.2.01,302262300,7.1,309780592,CT-reference-histology,"Cellular Tumor sampled by reference histology",31495809,32.8,2.75,16,Gene-level fpkm profile,http://glioblastoma.alleninstitute.org/api/v2/well_known_file_download/308867554
113597988,W43-1-1,W43-1-1-J,W43-1-1-J.03,304950259,6.4,309780640,CT-POSTN,"Cellular Tumor sampled by high expression of gene POSTN",85051573,28.3,3.17,15.5,Gene-level fpkm profile,http://glioblastoma.alleninstitute.org/api/v2/well_known_file_download/309368793
711653,W36-1-1,W36-1-1-E,W36-1-1-E.03,303748342,7.9,309780796,CT-control-TNFAIP3,"Cellular Tumor sampled by low expression of gene TNFAIP3",30808408,46.8,2.67,7.57,Gene-level fpkm profile,http://glioblastoma.alleninstitute.org/api/v2/well_known_file_download/308882781
711560,W32-1-1,W32-1-1-E,W32-1-1-E.03,304357555,7.1,309780592,CT-reference-histology,"Cellular Tumor sampled by reference histology",26466576,25.9,1.76,9.7,Gene-level fpkm profile,http://glioblastoma.alleninstitute.org/api/v2/well_known_file_download/308966579
711547,W31-1-1,W31-1-1-H,W31-1-1-H.06,301287728,6.3,298764292,IT-reference-histology,"Infiltrating Tumor sampled by reference histology",25967192,35.8,3.19,14,Gene-level fpkm profile,http://glioblastoma.alleninstitute.org/api/v2/well_known_file_download/308872746
705803,W9-1-1,W9-1-1-C.2,W9-1-1-C.2.04,306124448,4.5,309780896,CThbv-POSTN,"Hyperplastic blood vessels in cellular tumor sampled by high expression of gene POSTN",40660273,22.9,3.1,16.1,Gene-level fpkm profile,http://glioblastoma.alleninstitute.org/api/v2/well_known_file_download/308111094
711645,W34-1-1,W34-1-1-D,W34-1-1-D.03,305273034,8.8,309780624,CT-NOS2,"Cellular Tumor sampled by high expression of gene NOS2",41962327,32.8,1.89,11.8,Gene-level fpkm profile,http://glioblastoma.alleninstitute.org/api/v2/well_known_file_download/309349141
292163427,W55-1-1,W55-1-1-D,W55-1-1-D.03,303748309,8.1,309780592,CT-reference-histology,"Cellular Tumor sampled by reference histology",34602039,35.2,2.66,11.8,Gene-level fpkm profile,http://glioblastoma.alleninstitute.org/api/v2/well_known_file_download/308871886
712625,W38-1-1,W38-1-1-I,W38-1-1-I.03,306124484,,309780892,CThbv-ITGA6,"Hyperplastic blood vessels in cellular tumor sampled by high expression of gene ITGA6",47440634,51.7,3.42,8.48,Gene-level fpkm profile,http://glioblastoma.alleninstitute.org/api/v2/well_known_file_download/308116568
711645,W34-1-1,W34-1-1-D,W34-1-1-D.03,305273038,8.1,309780874,CTpan-TNFAIP3,"Pseudopalisading cells around necrosis sampled by high expression of gene TNFAIP3",44136098,37.3,2.5,12,Gene-level fpkm profile,http://glioblastoma.alleninstitute.org/api/v2/well_known_file_download/308976386
705810,W10-1-1,W10-1-1-E.2,W10-1-1-E.2.03,306124458,6.3,309780838,CTpnz-TNFAIP3,"Perinecrotic zone sampled by high expression of gene TNFAIP3",22453159,47.2,3.31,11,Gene-level fpkm profile,http://glioblastoma.alleninstitute.org/api/v2/well_known_file_download/308303005
292163427,W55-1-1,W55-1-1-C,W55-1-1-C.03,303748307,7.3,298764274,LE-reference-histology,"Leading Edge sampled by reference histology",20977954,46.2,2.04,6.23,Gene-level fpkm profile,http://glioblastoma.alleninstitute.org/api/v2/well_known_file_download/308870992
703493,W2-1-1,W2-1-1-D.1,W2-1-1-D.1.01,300629348,8,309780906,CTmvp-reference-histology,"Microvascular proliferation sampled by reference histology",34455036,51.3,2.61,7.85,Gene-level fpkm profile,http://glioblastoma.alleninstitute.org/api/v2/well_known_file_download/308820285
705758,W5-1-1,W5-1-1-K.2,W5-1-1-K.2.06,300629405,8.2,309780846,CTpan-reference-histology,"Pseudopalisading cells around necrosis sampled by reference histology",35845885,45.9,3.07,12.2,Gene-level fpkm profile,http://glioblastoma.alleninstitute.org/api/v2/well_known_file_download/308865726
277857081,W27-2-1,W27-2-1-D,W27-2-1-D.03,305272988,5.5,309780708,CT-control-MYC,"Cellular Tumor sampled by low expression of gene MYC",40710645,27.2,2.89,12.5,Gene-level fpkm profile,http://glioblastoma.alleninstitute.org/api/v2/well_known_file_download/309355113
705810,W10-1-1,W10-1-1-E.2,W10-1-1-E.2.03,306124456,7.6,309780834,CTpnz-PROM1,"Perinecrotic zone sampled by high expression of gene PROM1",46298429,43.1,3.43,15.3,Gene-level fpkm profile,http://glioblastoma.alleninstitute.org/api/v2/well_known_file_download/308305013
705758,W5-1-1,W5-1-1-O.2,W5-1-1-O.2.03,300629436,8.5,309780906,CTmvp-reference-histology,"Microvascular proliferation sampled by reference histology",21575072,36.8,2.68,10.6,Gene-level fpkm profile,http://glioblastoma.alleninstitute.org/api/v2/well_known_file_download/308869015
705758,W5-1-1,W5-1-1-K.2,W5-1-1-K.2.06,300629407,6.3,298764274,LE-reference-histology,"Leading Edge sampled by reference histology",61076948,34,2.11,11.9,Gene-level fpkm profile,http://glioblastoma.alleninstitute.org/api/v2/well_known_file_download/308868354
277805915,W20-2-1,W20-2-1-H,W20-2-1-H.03,304950372,8.1,309780628,CT-PDGFRA,"Cellular Tumor sampled by high expression of gene PDGFRA",44107901,36.9,3.33,9.58,Gene-level fpkm profile,http://glioblastoma.alleninstitute.org/api/v2/well_known_file_download/309097256
705803,W9-1-1,W9-1-1-I.2,W9-1-1-I.2.03,303748330,6.8,309780792,CT-control-TGFBR2,"Cellular Tumor sampled by low expression of gene TGFBR2",55725630,26,4.54,20.3,Gene-level fpkm profile,http://glioblastoma.alleninstitute.org/api/v2/well_known_file_download/308273317
711560,W32-1-1,W32-1-1-B,W32-1-1-B.01,304950292,4.9,309780592,CT-reference-histology,"Cellular Tumor sampled by reference histology",34642608,24.8,2.25,17,Gene-level fpkm profile,http://glioblastoma.alleninstitute.org/api/v2/well_known_file_download/308871378
705727,W4-1-1,W4-1-1-B.1,W4-1-1-B.1.03,305952558,7.4,309780648,CT-control-CD44,"Cellular Tumor sampled by low expression of gene CD44",39033136,42.9,2.88,10.6,Gene-level fpkm profile,http://glioblastoma.alleninstitute.org/api/v2/well_known_file_download/308088242
710684,W29-1-1,W29-1-1-B,W29-1-1-B.03,304357587,5.7,309780918,CTmvp-TGFBR2,"Microvascular proliferation sampled by high expression of gene TGFBR2",43799769,45.1,2.62,5.99,Gene-level fpkm profile,http://glioblastoma.alleninstitute.org/api/v2/well_known_file_download/309100248
159996940,W19-1-1,W19-1-1-B,W19-1-1-B.03,304357567,5.2,309780900,CThbv-TGFBR2,"Hyperplastic blood vessels in cellular tumor sampled by high expression of gene TGFBR2",25329150,43.3,2.68,6.33,Gene-level fpkm profile,http://glioblastoma.alleninstitute.org/api/v2/well_known_file_download/308975545
703493,W2-1-1,W2-1-1-N.1,W2-1-1-N.1.01,300629360,6.9,309780846,CTpan-reference-histology,"Pseudopalisading cells around necrosis sampled by reference histology",37138255,40.1,3.09,16.2,Gene-level fpkm profile,http://glioblastoma.alleninstitute.org/api/v2/well_known_file_download/308865542
703493,W2-1-1,W2-1-1-N.2,W2-1-1-N.2.01,300629382,7.3,298764292,IT-reference-histology,"Infiltrating Tumor sampled by reference histology",44588167,31.1,2.19,11.9,Gene-level fpkm profile,http://glioblastoma.alleninstitute.org/api/v2/well_known_file_download/308848110
708983,W13-1-1,W13-1-1-A,W13-1-1-A.03,305405290,6.5,309780896,CThbv-POSTN,"Hyperplastic blood vessels in cellular tumor sampled by high expression of gene POSTN",28897551,29.6,2.53,7.75,Gene-level fpkm profile,http://glioblastoma.alleninstitute.org/api/v2/well_known_file_download/308303549
703393,W1-1-2,W1-1-2-Q.1,W1-1-2-Q.1.01,300629317,7.6,309780846,CTpan-reference-histology,"Pseudopalisading cells around necrosis sampled by reference histology",41191346,35,2.56,11.1,Gene-level fpkm profile,http://glioblastoma.alleninstitute.org/api/v2/well_known_file_download/308867695
711560,W32-1-1,W32-1-1-E,W32-1-1-E.03,304357557,7.4,309780846,CTpan-reference-histology,"Pseudopalisading cells around necrosis sampled by reference histology",25096646,41.4,2.23,7.49,Gene-level fpkm profile,http://glioblastoma.alleninstitute.org/api/v2/well_known_file_download/308883392
709564,W22-1-1,W22-1-1-H,W22-1-1-H.03,305272998,6.7,309780830,CTpnz-PI3,"Perinecrotic zone sampled by high expression of gene PI3",33572412,46.6,2.52,8.3,Gene-level fpkm profile,http://glioblastoma.alleninstitute.org/api/v2/well_known_file_download/308978211
703393,W1-1-2,W1-1-2-H.2,W1-1-2-H.2.01,300173642,8.3,309780846,CTpan-reference-histology,"Pseudopalisading cells around necrosis sampled by reference histology",63428451,49.3,2.94,11.3,Gene-level fpkm profile,http://glioblastoma.alleninstitute.org/api/v2/well_known_file_download/308868098
705757,W8-1-1,W8-1-1-G.1,W8-1-1-G.1.01,301626607,7.2,309780846,CTpan-reference-histology,"Pseudopalisading cells around necrosis sampled by reference histology",34757116,30.3,2.88,11.5,Gene-level fpkm profile,http://glioblastoma.alleninstitute.org/api/v2/well_known_file_download/308873494
705757,W8-1-1,W8-1-1-G.1,W8-1-1-G.1.01,301626609,7.5,298764292,IT-reference-histology,"Infiltrating Tumor sampled by reference histology",33241349,39,2.46,8.55,Gene-level fpkm profile,http://glioblastoma.alleninstitute.org/api/v2/well_known_file_download/308872983
286837173,W54-1-1,W54-1-1-F,W54-1-1-F.03,305461072,6.3,309780834,CTpnz-PROM1,"Perinecrotic zone sampled by high expression of gene PROM1",35592192,36.5,2.29,9.03,Gene-level fpkm profile,http://glioblastoma.alleninstitute.org/api/v2/well_known_file_download/309348008
268091649,W53-1-1,W53-1-1-E,W53-1-1-E.03,306124416,8.3,309780896,CThbv-POSTN,"Hyperplastic blood vessels in cellular tumor sampled by high expression of gene POSTN",37914677,39.9,2.79,12.2,Gene-level fpkm profile,http://glioblastoma.alleninstitute.org/api/v2/well_known_file_download/308087571
292163427,W55-1-1,W55-1-1-G,W55-1-1-G.03,303748199,8.2,309780906,CTmvp-reference-histology,"Microvascular proliferation sampled by reference histology",31994634,38.8,2.69,9.01,Gene-level fpkm profile,http://glioblastoma.alleninstitute.org/api/v2/well_known_file_download/308872655
711547,W31-1-1,W31-1-1-G,W31-1-1-G.03,301287704,7.8,298764292,IT-reference-histology,"Infiltrating Tumor sampled by reference histology",42027925,37.1,2.25,11.2,Gene-level fpkm profile,http://glioblastoma.alleninstitute.org/api/v2/well_known_file_download/308886341
703393,W1-1-2,W1-1-2-E.1,W1-1-2-E.1.03,304950326,5.1,309780732,CT-control-PDPN-TGFBR2,"Cellular Tumor sampled by low expression of genes PDPN and TGFBR2",44455514,25,2.9,10.4,Gene-level fpkm profile,http://glioblastoma.alleninstitute.org/api/v2/well_known_file_download/309088338
711560,W32-1-1,W32-1-1-E,W32-1-1-E.04,306124511,7.3,309780684,CT-control-ID2,"Cellular Tumor sampled by low expression of gene ID2",45926842,35.1,2.57,14.6,Gene-level fpkm profile,http://glioblastoma.alleninstitute.org/api/v2/well_known_file_download/308306961
705757,W8-1-1,W8-1-1-H.1,W8-1-1-H.1.01,302264006,9,309780906,CTmvp-reference-histology,"Microvascular proliferation sampled by reference histology",22241144,53.7,2.44,6.82,Gene-level fpkm profile,http://glioblastoma.alleninstitute.org/api/v2/well_known_file_download/308871739
711645,W34-1-1,W34-1-1-G,W34-1-1-G.03,305272796,7.1,309780900,CThbv-TGFBR2,"Hyperplastic blood vessels in cellular tumor sampled by high expression of gene TGFBR2",43090696,45.6,2.64,8.28,Gene-level fpkm profile,http://glioblastoma.alleninstitute.org/api/v2/well_known_file_download/309369970
711547,W31-1-1,W31-1-1-E,W31-1-1-E.03,305273000,6.3,309780692,CT-control-IGFBP2-CD44-TGFBR2,"Cellular Tumor sampled by low expression of genes IGFBP2, CD44 and TGFBR2",37945079,37.2,2.31,10,Gene-level fpkm profile,http://glioblastoma.alleninstitute.org/api/v2/well_known_file_download/309369832
711574,W33-1-1,W33-1-1-F,W33-1-1-F.03,305952566,5.9,309780668,CT-control-ID1-ITGA6,"Cellular Tumor sampled by low expression of genes ID1 and ITGA6",36360588,34.9,2.07,10.6,Gene-level fpkm profile,http://glioblastoma.alleninstitute.org/api/v2/well_known_file_download/308304403
709556,W16-1-1,W16-1-1-D,W16-1-1-D.03,304357603,5.6,309780696,CT-control-ITGA6,"Cellular Tumor sampled by low expression of gene ITGA6",25721860,37.2,2.78,8.5,Gene-level fpkm profile,http://glioblastoma.alleninstitute.org/api/v2/well_known_file_download/308936650
703493,W2-1-1,W2-1-1-K.2,W2-1-1-K.2.03,304357591,7.8,309780720,CT-control-PDPN,"Cellular Tumor sampled by low expression of gene PDPN",30723691,43.3,2.02,6.15,Gene-level fpkm profile,http://glioblastoma.alleninstitute.org/api/v2/well_known_file_download/309345637
712737,W40-1-1,W40-1-1-I,W40-1-1-I.03,304357561,6,309780720,CT-control-PDPN,"Cellular Tumor sampled by low expression of gene PDPN",33568966,50.3,2.18,5.65,Gene-level fpkm profile,http://glioblastoma.alleninstitute.org/api/v2/well_known_file_download/308975897
292163427,W55-1-1,W55-1-1-C,W55-1-1-C.03,303748303,8.3,309780592,CT-reference-histology,"Cellular Tumor sampled by reference histology",29388414,46.5,2.38,9.83,Gene-level fpkm profile,http://glioblastoma.alleninstitute.org/api/v2/well_known_file_download/308872963
703493,W2-1-1,W2-1-1-N.2,W2-1-1-N.2.01,300629384,7.7,309780906,CTmvp-reference-histology,"Microvascular proliferation sampled by reference histology",37354317,36.7,2.1,8.1,Gene-level fpkm profile,http://glioblastoma.alleninstitute.org/api/v2/well_known_file_download/308822815
703393,W1-1-2,W1-1-2-D.2,W1-1-2-D.2.01,300173634,8.7,309780906,CTmvp-reference-histology,"Microvascular proliferation sampled by reference histology",35870166,33.1,2.61,9.95,Gene-level fpkm profile,http://glioblastoma.alleninstitute.org/api/v2/well_known_file_download/308869077
113597519,W42-1-1,W42-1-1-G,W42-1-1-G.03,304703661,6.9,309780604,CT-DANCR,"Cellular Tumor sampled by high expression of gene DANCR",33196191,46.6,2.38,9.3,Gene-level fpkm profile,http://glioblastoma.alleninstitute.org/api/v2/well_known_file_download/309345976
705758,W5-1-1,W5-1-1-O.1,W5-1-1-O.1.03,300629430,9,298764292,IT-reference-histology,"Infiltrating Tumor sampled by reference histology",28046135,49.6,2.18,9.64,Gene-level fpkm profile,http://glioblastoma.alleninstitute.org/api/v2/well_known_file_download/308869641
703393,W1-1-2,W1-1-2-V.1,W1-1-2-V.1.01,300629321,7.1,309780846,CTpan-reference-histology,"Pseudopalisading cells around necrosis sampled by reference histology",49162103,43.4,2.81,7.89,Gene-level fpkm profile,http://glioblastoma.alleninstitute.org/api/v2/well_known_file_download/308866734
286837173,W54-1-1,W54-1-1-F,W54-1-1-F.03,305461070,,309780780,CT-control-PROM1-HIF1A,"Cellular Tumor sampled by low expression of genes PROM1 and HIF1A",36885636,38.9,2.24,10.6,Gene-level fpkm profile,http://glioblastoma.alleninstitute.org/api/v2/well_known_file_download/308976075
703493,W2-1-1,W2-1-1-N.1,W2-1-1-N.1.01,300629372,7.9,298764274,LE-reference-histology,"Leading Edge sampled by reference histology",150821378,44.8,2.13,10.4,Gene-level fpkm profile,http://glioblastoma.alleninstitute.org/api/v2/well_known_file_download/308975340
277857081,W27-2-1,W27-2-1-I,W27-2-1-I.03,305461113,5,309780862,CTpan-PDPN,"Pseudopalisading cells around necrosis sampled by high expression of gene PDPN",34899117,30,2.73,10.6,Gene-level fpkm profile,http://glioblastoma.alleninstitute.org/api/v2/well_known_file_download/309368821
705758,W5-1-1,W5-1-1-K.1,W5-1-1-K.1.01,300629399,7.8,298764274,LE-reference-histology,"Leading Edge sampled by reference histology",30959823,41,2.01,10.4,Gene-level fpkm profile,http://glioblastoma.alleninstitute.org/api/v2/well_known_file_download/308869728
712625,W38-1-1,W38-1-1-I,W38-1-1-I.03,306124460,,309780656,CT-control-CD44-PROM1-ITGA6,"Cellular Tumor sampled by low expression of genes CD44, PROM1 and ITGA6",34586289,55.6,2.47,9.09,Gene-level fpkm profile,http://glioblastoma.alleninstitute.org/api/v2/well_known_file_download/308304262
705735,W6-1-1,W6-1-1-C.2,W6-1-1-C.2.06,305461068,5.8,309780900,CThbv-TGFBR2,"Hyperplastic blood vessels in cellular tumor sampled by high expression of gene TGFBR2",39584418,35.6,2.56,8.62,Gene-level fpkm profile,http://glioblastoma.alleninstitute.org/api/v2/well_known_file_download/309369310
705859,W11-1-1,W11-1-1-D.1,W11-1-1-D.1.01,301287634,7.9,309780846,CTpan-reference-histology,"Pseudopalisading cells around necrosis sampled by reference histology",30916398,37.3,2.28,8.92,Gene-level fpkm profile,http://glioblastoma.alleninstitute.org/api/v2/well_known_file_download/308867101
711560,W32-1-1,W32-1-1-E,W32-1-1-E.03,304357559,4.3,309780906,CTmvp-reference-histology,"Microvascular proliferation sampled by reference histology",23949406,41.6,2.14,4.53,Gene-level fpkm profile,http://glioblastoma.alleninstitute.org/api/v2/well_known_file_download/308975606
705735,W6-1-1,W6-1-1-C.2,W6-1-1-C.2.06,305273040,6.9,309780756,CT-control-PI3-TGFBR2,"Cellular Tumor sampled by low expression of genes PI3 and TGFBR2",39041096,28.6,2.43,11.2,Gene-level fpkm profile,http://glioblastoma.alleninstitute.org/api/v2/well_known_file_download/309355991
705758,W5-1-1,W5-1-1-O.2,W5-1-1-O.2.03,300629434,8.2,309780846,CTpan-reference-histology,"Pseudopalisading cells around necrosis sampled by reference histology",24289013,31.2,3.14,15.3,Gene-level fpkm profile,http://glioblastoma.alleninstitute.org/api/v2/well_known_file_download/308869236
703493,W2-1-1,W2-1-1-K.2,W2-1-1-K.2.03,304357593,7.5,309780862,CTpan-PDPN,"Pseudopalisading cells around necrosis sampled by high expression of gene PDPN",38388842,42.6,2.26,5.11,Gene-level fpkm profile,http://glioblastoma.alleninstitute.org/api/v2/well_known_file_download/309160741
705704,W3-1-1,W3-1-1-B.2,W3-1-1-B.2.03,306124486,3.8,309780796,CT-control-TNFAIP3,"Cellular Tumor sampled by low expression of gene TNFAIP3",31046339,17.6,4.06,17,Gene-level fpkm profile,http://glioblastoma.alleninstitute.org/api/v2/well_known_file_download/308303755
113597988,W43-1-1,W43-1-1-I,W43-1-1-I.03,305405298,6.8,309780664,CT-control-DANCR-IGFBP2,"Cellular Tumor sampled by low expression of genes DANCR and IGFBP2",30013061,38.3,2.18,7.08,Gene-level fpkm profile,http://glioblastoma.alleninstitute.org/api/v2/well_known_file_download/308303840
709556,W16-1-1,W16-1-1-F,W16-1-1-F.03,303748334,7.6,309780792,CT-control-TGFBR2,"Cellular Tumor sampled by low expression of gene TGFBR2",32252520,40,2.99,8.58,Gene-level fpkm profile,http://glioblastoma.alleninstitute.org/api/v2/well_known_file_download/308975656
705859,W11-1-1,W11-1-1-B.1,W11-1-1-B.1.01,301287607,8.5,298764292,IT-reference-histology,"Infiltrating Tumor sampled by reference histology",28336705,50.9,2.35,6.69,Gene-level fpkm profile,http://glioblastoma.alleninstitute.org/api/v2/well_known_file_download/308867029
709556,W16-1-1,W16-1-1-B,W16-1-1-B.03,303748332,7.3,309780866,CTpan-PI3,"Pseudopalisading cells around necrosis sampled by high expression of gene PI3",39378001,47.6,2.77,6.07,Gene-level fpkm profile,http://glioblastoma.alleninstitute.org/api/v2/well_known_file_download/308981694
711547,W31-1-1,W31-1-1-A,W31-1-1-A.01,301287692,7.6,309780906,CTmvp-reference-histology,"Microvascular proliferation sampled by reference histology",23807985,46.8,3.26,7.24,Gene-level fpkm profile,http://glioblastoma.alleninstitute.org/api/v2/well_known_file_download/308841318
705803,W9-1-1,W9-1-1-C.2,W9-1-1-C.2.04,306124422,7.9,309780784,CT-control-PROM1-POSTN,"Cellular Tumor sampled by low expression of genes PROM1 and POSTN",36894929,39,2.67,9.5,Gene-level fpkm profile,http://glioblastoma.alleninstitute.org/api/v2/well_known_file_download/308304514
710659,W28-1-1,W28-1-1-N,W28-1-1-N.03,306124408,8,309780608,CT-HIF1A,"Cellular Tumor sampled by high expression of gene HIF1A",34533595,50.4,2.53,8.4,Gene-level fpkm profile,http://glioblastoma.alleninstitute.org/api/v2/well_known_file_download/308305906
710684,W29-1-1,W29-1-1-B,W29-1-1-B.03,304950336,,309780896,CThbv-POSTN,"Hyperplastic blood vessels in cellular tumor sampled by high expression of gene POSTN",38427743,42.1,3.11,5.98,Gene-level fpkm profile,http://glioblastoma.alleninstitute.org/api/v2/well_known_file_download/313082913
292163427,W55-1-1,W55-1-1-F,W55-1-1-F.03,303748195,8.8,298764292,IT-reference-histology,"Infiltrating Tumor sampled by reference histology",26648639,52.2,2.12,7.8,Gene-level fpkm profile,http://glioblastoma.alleninstitute.org/api/v2/well_known_file_download/308871510
711547,W31-1-1,W31-1-1-E,W31-1-1-E.03,305273030,,309780918,CTmvp-TGFBR2,"Microvascular proliferation sampled by high expression of gene TGFBR2",33624249,41.9,3.03,7.82,Gene-level fpkm profile,http://glioblastoma.alleninstitute.org/api/v2/well_known_file_download/309369009
710684,W29-1-1,W29-1-1-G,W29-1-1-G.03,305405296,7.2,309780822,CTpnz-MYC,"Perinecrotic zone sampled by high expression of gene MYC",21446167,44.8,2.43,5.3,Gene-level fpkm profile,http://glioblastoma.alleninstitute.org/api/v2/well_known_file_download/308302933
705810,W10-1-1,W10-1-1-I.2,W10-1-1-I.2.03,305461107,5.4,309780744,CT-control-PI3-IGFBP2,"Cellular Tumor sampled by low expression of genes PI3 and IGFBP2",37025737,38.3,2.55,12,Gene-level fpkm profile,http://glioblastoma.alleninstitute.org/api/v2/well_known_file_download/308306381
709529,W21-1-1,W21-1-1-B,W21-1-1-B.06,305461105,6.4,309780830,CTpnz-PI3,"Perinecrotic zone sampled by high expression of gene PI3",44502999,39.3,2.65,9.56,Gene-level fpkm profile,http://glioblastoma.alleninstitute.org/api/v2/well_known_file_download/309370302
705859,W11-1-1,W11-1-1-C.1,W11-1-1-C.1.01,301287613,8.1,309780592,CT-reference-histology,"Cellular Tumor sampled by reference histology",32476576,39.5,2.12,8.01,Gene-level fpkm profile,http://glioblastoma.alleninstitute.org/api/v2/well_known_file_download/308867503
703393,W1-1-2,W1-1-2-E.1,W1-1-2-E.1.03,304950322,5.6,309780826,CTpnz-PDPN,"Perinecrotic zone sampled by high expression of gene PDPN",40837208,39.8,3.18,8.57,Gene-level fpkm profile,http://glioblastoma.alleninstitute.org/api/v2/well_known_file_download/313083696
710262,W26-1-1,W26-1-1-E,W26-1-1-E.03,301626681,,309780592,CT-reference-histology,"Cellular Tumor sampled by reference histology",37440217,43.2,2.26,10.4,Gene-level fpkm profile,http://glioblastoma.alleninstitute.org/api/v2/well_known_file_download/308865608
705704,W3-1-1,W3-1-1-E.1,W3-1-1-E.1.04,306124418,7.6,309780720,CT-control-PDPN,"Cellular Tumor sampled by low expression of gene PDPN",41311054,22.7,2.88,16.3,Gene-level fpkm profile,http://glioblastoma.alleninstitute.org/api/v2/well_known_file_download/308304717
705810,W10-1-1,W10-1-1-E.2,W10-1-1-E.2.03,306124452,7.1,309780788,CT-control-PROM1-TNFAIP3-POSTN,"Cellular Tumor sampled by low expression of genes PROM1, TNFAIP3 and POSTN",32294781,41.7,2.82,10.8,Gene-level fpkm profile,http://glioblastoma.alleninstitute.org/api/v2/well_known_file_download/308304119
113597519,W42-1-1,W42-1-1-J,W42-1-1-J.03,305272800,7.6,309780826,CTpnz-PDPN,"Perinecrotic zone sampled by high expression of gene PDPN",37497041,37.1,2.74,8.19,Gene-level fpkm profile,http://glioblastoma.alleninstitute.org/api/v2/well_known_file_download/309369716
277805915,W20-2-1,W20-2-1-I,W20-2-1-I.03,304950376,6,309780870,CTpan-PROM1,"Pseudopalisading cells around necrosis sampled by high expression of gene PROM1",39069560,31.1,4.59,11.3,Gene-level fpkm profile,http://glioblastoma.alleninstitute.org/api/v2/well_known_file_download/309175448
268091649,W53-1-1,W53-1-1-A,W53-1-1-A.03,304357569,5.9,309780620,CT-MET,"Cellular Tumor sampled by high expression of gene MET",39570658,44.6,2.83,6.15,Gene-level fpkm profile,http://glioblastoma.alleninstitute.org/api/v2/well_known_file_download/313312664
709564,W22-1-1,W22-1-1-H,W22-1-1-H.03,305272994,6.7,309780748,CT-control-PI3-MYC,"Cellular Tumor sampled by low expression of genes PI3 and MYC",43329974,41.4,2.63,12.2,Gene-level fpkm profile,http://glioblastoma.alleninstitute.org/api/v2/well_known_file_download/308976226
705803,W9-1-1,W9-1-1-D.1,W9-1-1-D.1.01,301287582,8.5,309780592,CT-reference-histology,"Cellular Tumor sampled by reference histology",29013025,40.9,2.48,9.35,Gene-level fpkm profile,http://glioblastoma.alleninstitute.org/api/v2/well_known_file_download/308869782
268091690,W22-2-1,W22-2-1-A,W22-2-1-A.03,305461076,6.9,309780728,CT-control-PDPN-PI3,"Cellular Tumor sampled by low expression of genes PDPN and PI3",42156046,48.8,2.42,7.33,Gene-level fpkm profile,http://glioblastoma.alleninstitute.org/api/v2/well_known_file_download/309368929
711547,W31-1-1,W31-1-1-A,W31-1-1-A.01,301626695,7.3,298764274,LE-reference-histology,"Leading Edge sampled by reference histology",24603741,45.1,2.23,6.6,Gene-level fpkm profile,http://glioblastoma.alleninstitute.org/api/v2/well_known_file_download/308825633
268091649,W53-1-1,W53-1-1-E,W53-1-1-E.03,306124414,7.7,309780760,CT-control-POSTN,"Cellular Tumor sampled by low expression of gene POSTN",43365461,35.3,3.39,13.4,Gene-level fpkm profile,http://glioblastoma.alleninstitute.org/api/v2/well_known_file_download/308115369
703493,W2-1-1,W2-1-1-N.1,W2-1-1-N.1.01,300629374,8,298764292,IT-reference-histology,"Infiltrating Tumor sampled by reference histology",32713750,39.4,2.11,10.1,Gene-level fpkm profile,http://glioblastoma.alleninstitute.org/api/v2/well_known_file_download/308869161
705758,W5-1-1,W5-1-1-N.2,W5-1-1-N.2.01,300629426,7.9,309780846,CTpan-reference-histology,"Pseudopalisading cells around necrosis sampled by reference histology",29708954,31.9,3.63,14.9,Gene-level fpkm profile,http://glioblastoma.alleninstitute.org/api/v2/well_known_file_download/308867424
711547,W31-1-1,W31-1-1-E,W31-1-1-E.03,305273028,6.4,309780616,CT-IGFBP2,"Cellular Tumor sampled by high expression of gene IGFBP2",36707518,38.1,2.48,9.63,Gene-level fpkm profile,http://glioblastoma.alleninstitute.org/api/v2/well_known_file_download/309345743
703393,W1-1-2,W1-1-2-Q.1,W1-1-2-Q.1.01,300629315,7.4,309780592,CT-reference-histology,"Cellular Tumor sampled by reference histology",31493090,34.8,2.42,12.6,Gene-level fpkm profile,http://glioblastoma.alleninstitute.org/api/v2/well_known_file_download/308868857
710684,W29-1-1,W29-1-1-F,W29-1-1-F.03,304477577,5.4,309780776,CT-control-PROM1,"Cellular Tumor sampled by low expression of gene PROM1",25747198,38.9,2.63,8.74,Gene-level fpkm profile,http://glioblastoma.alleninstitute.org/api/v2/well_known_file_download/308874711
705810,W10-1-1,W10-1-1-I.2,W10-1-1-I.2.03,305952564,5.1,309780636,CT-PI3,"Cellular Tumor sampled by high expression of gene PI3",42534517,35.2,3.51,12.3,Gene-level fpkm profile,http://glioblastoma.alleninstitute.org/api/v2/well_known_file_download/308089008
292163427,W55-1-1,W55-1-1-E,W55-1-1-E.03,303748317,7.8,298764274,LE-reference-histology,"Leading Edge sampled by reference histology",25911058,40.8,2.43,8.58,Gene-level fpkm profile,http://glioblastoma.alleninstitute.org/api/v2/well_known_file_download/308870328
113597519,W42-1-1,W42-1-1-J,W42-1-1-J.03,305272986,7.5,309780728,CT-control-PDPN-PI3,"Cellular Tumor sampled by low expression of genes PDPN and PI3",35058043,26.6,2.42,9.86,Gene-level fpkm profile,http://glioblastoma.alleninstitute.org/api/v2/well_known_file_download/309369339
159996940,W19-1-1,W19-1-1-B,W19-1-1-B.03,304357565,6.6,309780792,CT-control-TGFBR2,"Cellular Tumor sampled by low expression of gene TGFBR2",25486891,42.1,2.28,6.28,Gene-level fpkm profile,http://glioblastoma.alleninstitute.org/api/v2/well_known_file_download/308874666
705757,W8-1-1,W8-1-1-F.1,W8-1-1-F.1.01,301626601,7.8,298764274,LE-reference-histology,"Leading Edge sampled by reference histology",38274887,32,2.06,9.47,Gene-level fpkm profile,http://glioblastoma.alleninstitute.org/api/v2/well_known_file_download/308873842
705758,W5-1-1,W5-1-1-K.2,W5-1-1-K.2.06,300629422,8.2,309780906,CTmvp-reference-histology,"Microvascular proliferation sampled by reference histology",30066341,40.3,3.13,12.5,Gene-level fpkm profile,http://glioblastoma.alleninstitute.org/api/v2/well_known_file_download/308868239
710262,W26-1-1,W26-1-1-F,W26-1-1-F.03,301626685,8.2,309780592,CT-reference-histology,"Cellular Tumor sampled by reference histology",28028628,46.4,2.25,7.23,Gene-level fpkm profile,http://glioblastoma.alleninstitute.org/api/v2/well_known_file_download/308842982
268091649,W53-1-1,W53-1-1-C,W53-1-1-C.03,305405304,7.8,309780712,CT-control-NOS2,"Cellular Tumor sampled by low expression of gene NOS2",34921437,41.4,2.67,12,Gene-level fpkm profile,http://glioblastoma.alleninstitute.org/api/v2/well_known_file_download/309348050
712737,W40-1-1,W40-1-1-J,W40-1-1-J.03,305272992,,309780896,CThbv-POSTN,"Hyperplastic blood vessels in cellular tumor sampled by high expression of gene POSTN",40167656,38.7,2.61,8.53,Gene-level fpkm profile,http://glioblastoma.alleninstitute.org/api/v2/well_known_file_download/309346076
712653,W39-1-1,W39-1-1-O,W39-1-1-O.03,304703655,7.1,309780796,CT-control-TNFAIP3,"Cellular Tumor sampled by low expression of gene TNFAIP3",32989032,31.8,2.75,10.3,Gene-level fpkm profile,http://glioblastoma.alleninstitute.org/api/v2/well_known_file_download/309346030
277805915,W20-2-1,W20-2-1-H,W20-2-1-H.03,304950370,7.4,309780716,CT-control-PDGFRA,"Cellular Tumor sampled by low expression of gene PDGFRA",40044981,50.4,2.84,7.17,Gene-level fpkm profile,http://glioblastoma.alleninstitute.org/api/v2/well_known_file_download/309346276
705757,W8-1-1,W8-1-1-G.1,W8-1-1-G.1.01,301626605,7.3,309780592,CT-reference-histology,"Cellular Tumor sampled by reference histology",33366713,25.4,2.43,11,Gene-level fpkm profile,http://glioblastoma.alleninstitute.org/api/v2/well_known_file_download/308873031
706190,W12-1-1,W12-1-1-D.2,W12-1-1-D.2.05,304357522,4.8,309780830,CTpnz-PI3,"Perinecrotic zone sampled by high expression of gene PI3",35102089,25.8,4.6,12,Gene-level fpkm profile,http://glioblastoma.alleninstitute.org/api/v2/well_known_file_download/308970824
268091649,W53-1-1,W53-1-1-A,W53-1-1-A.03,304357571,6,309780900,CThbv-TGFBR2,"Hyperplastic blood vessels in cellular tumor sampled by high expression of gene TGFBR2",35389120,45.6,2.87,6.54,Gene-level fpkm profile,http://glioblastoma.alleninstitute.org/api/v2/well_known_file_download/309346229
161243949,W48-1-1,W48-1-1-M,W48-1-1-M.03,306124488,5.1,309780680,CT-control-ID1-TGFBR2,"Cellular Tumor sampled by low expression of genes ID1 and TGFBR2",37960062,46.5,3.08,7.68,Gene-level fpkm profile,http://glioblastoma.alleninstitute.org/api/v2/well_known_file_download/308304745
705859,W11-1-1,W11-1-1-C.1,W11-1-1-C.1.01,301287615,6.8,309780846,CTpan-reference-histology,"Pseudopalisading cells around necrosis sampled by reference histology",29082820,35.9,3.25,9.9,Gene-level fpkm profile,http://glioblastoma.alleninstitute.org/api/v2/well_known_file_download/308867126
710684,W29-1-1,W29-1-1-B,W29-1-1-B.03,304357589,5.3,309780772,CT-control-POSTN-TGFBR2,"Cellular Tumor sampled by low expression of genes POSTN and TGFBR2",40447371,32.8,2.13,9.34,Gene-level fpkm profile,http://glioblastoma.alleninstitute.org/api/v2/well_known_file_download/309128273
705711,W7-1-1,W7-1-1-A.2,W7-1-1-A.2.03,305461119,7.8,309780672,CT-control-ID1-PDPN,"Cellular Tumor sampled by low expression of genes ID1 and PDPN",44553293,39.4,2.44,8.07,Gene-level fpkm profile,http://glioblastoma.alleninstitute.org/api/v2/well_known_file_download/309370030
268091690,W22-2-1,W22-2-1-A,W22-2-1-A.03,305461078,6.7,309780826,CTpnz-PDPN,"Perinecrotic zone sampled by high expression of gene PDPN",37976843,42.9,2.22,8.54,Gene-level fpkm profile,http://glioblastoma.alleninstitute.org/api/v2/well_known_file_download/309369194
